Name,Brand,Model,Variant,Make_Year,Kilometers_Driven,Fuel_Type,Transmission,Owner_Count,Insurance_Validity,Price,Core_Systems_Score,Supporting_Systems_Score,Interiors_AC_Score,Exteriors_Lights_Score,Wear_Tear_Parts_Score,Estimated_Original_Price
2022 Kia Sonet GTX Plus 1.0 DCT,Kia,Sonet 1.0,GTX PLUS DCT,Oct 2022,45K km,Petrol (BSVI),Automatic (DCT),2nd Owner,Aug 2026,10.33 Lakh,9.6,9.7,9.0,8.3,8.4,1309000
2024 Tata Punch Creative AMT*,Tata,Punch Creative Amt*,,May 2023,8K km,Petrol,Automatic (AMT),1st Owner,Apr 2027,8.10 Lakh,10.0,9.8,9.5,9.6,9.1,950000
2022 Tata Nexon XMA (S),Tata,Nexon (S),XMA,May 2022,24K km,Petrol (BSVI),Automatic (AMT),1st Owner,Apr 2027,8.18 Lakh,9.9,9.8,9.5,9.2,8.4,895900
2015 Ford EcoSport Trend 1.5 TDCi,Ford,Ecosport Trend 1.5,TDCI,Aug 2015,143K km,Diesel (BSIV),Manual (Regular),1st Owner,Apr 2027,4.26 Lakh,9.5,9.1,8.1,7.6,8.4,828000
2022 Tata Safari XT Plus,Tata,Safari Xt,PLUS,Jan 2022,64K km,Diesel (BSVI),Manual (Regular),2nd Owner,Mar 2027,13.47 Lakh,9.7,9.6,9.0,8.6,8.4,1735900
2020 MG Motors Hector Sharp 2.0 Diesel,Mg,Motors Hector Sharp 2.0,DIESEL,Jun 2020,36K km,Diesel (BSVI),Manual (Regular),1st Owner,Aug 2026,12.88 Lakh,9.9,9.5,9.3,9.2,8.4,1728000
2020 Hyundai Creta SX 1.5 Petrol,Hyundai,Creta 1.5,SX PETROL,Aug 2020,51K km,Petrol (BSVI),Manual (Regular),1st Owner,Sep 2026,10.85 Lakh,9.8,9.7,9.0,9.0,8.7,1346000
2022 Hyundai Venue SX 1.5 CRDi,Hyundai,Venue 1.5 Crdi,SX,Apr 2022,81K km,Diesel (BSVI),Manual (Regular),1st Owner,Apr 2027,9.01 Lakh,9.4,9.2,8.6,8.8,8.5,1099000
2021 Tata Nexon XZA Plus (S),Tata,Nexon (S),XZA PLUS,Jul 2021,49K km,Petrol (BSVI),Automatic (AMT),1st Owner,Aug 2026,8.54 Lakh,9.8,9.7,9.0,8.9,8.2,1155900
2024 Nissan Magnite XV Premium Turbo CVT*,Nissan,Magnite Xv Cvt*,PREMIUM TURBO,Apr 2023,37K km,Petrol (BSVI),Automatic (CVT),1st Owner,Aug 2026,8.79 Lakh,9.9,9.6,9.0,8.9,8.0,1095000
2018 Audi Q3 30 TFSI Premium*,Audi,Q3 30 Tfsi Premium*,,Nov 2017,58K km,Petrol (BSIV),Automatic,1st Owner,Dec 2026,16.90 Lakh,9.8,9.6,9.0,8.9,8.1,3220000
2023 Kia Seltos HTK Plus 1.5*,Kia,Seltos 1.5*,HTK PLUS,Sep 2022,45K km,Petrol (BSVI),Manual (Regular),1st Owner,Apr 2027,10.44 Lakh,9.8,9.7,9.2,8.9,8.6,1285000
2022 Kia Seltos GTX Plus 1.4 DCT,Kia,Seltos 1.4,GTX PLUS DCT,Jul 2022,52K km,Petrol (BSVI),Automatic (DCT),2nd Owner,Oct 2026,13.65 Lakh,9.8,9.6,9.1,8.3,8.0,1765000
2022 Nissan Magnite XV Premium Turbo CVT,Nissan,Magnite Xv,PREMIUM TURBO CVT,Mar 2022,28K km,Petrol (BSVI),Automatic (CVT),1st Owner,Apr 2027,8.11 Lakh,9.9,9.3,9.3,9.1,8.9,1000000
2021 Kia Seltos HTX IVT 1.5*,Kia,Seltos Ivt 1.5*,HTX,Dec 2020,68K km,Petrol (BSVI),Automatic (CVT),1st Owner,Apr 2027,10.70 Lakh,9.7,9.4,8.9,8.4,8.2,1389000
2023 Audi Q3 40 TFSI Technology*,Audi,Q3 40 Tfsi Technology*,,Oct 2022,22K km,Petrol (BSVI),Automatic (DCT),1st Owner,Apr 2027,35.50 Lakh,9.9,9.8,9.5,9.4,8.9,4489000
2018 Lexus NX 300h Luxury,Lexus,Nx 300H Luxury,,Jan 2018,108K km,Petrol,Automatic (CVT),2nd Owner,,26.90 Lakh,9.6,9.3,8.5,8.7,8.2,5550000
2021 Kia Seltos GTX Plus 1.5 Diesel AT,Kia,Seltos 1.5,GTX PLUS DIESEL AT,Jun 2021,102K km,Diesel (BSVI),Automatic (Torque Convertor),1st Owner,Apr 2027,12.60 Lakh,9.6,9.2,8.6,8.1,8.1,1679000
2020 Jeep Compass Limited Plus Petrol AT,Jeep,Compass Limited,PLUS PETROL AT,Nov 2020,82K km,Petrol (BSVI),Automatic (DCT),3rd Owner,Nov 2026,12 Lakh,9.6,9.0,7.8,8.5,8.3,2192000
2019 Jeep Compass Trailhawk (O) 2.0 4x4,Jeep,Compass Trailhawk 2.0 4X4,(O),Jun 2019,70K km,Diesel (BSVI),Automatic (Torque Convertor),3rd Owner,Aug 2026,13 Lakh,9.6,9.5,8.7,8.8,7.7,2680000
2021 Renault Kiger RXZ Turbo CVT,Renault,Kiger,RXZ TURBO CVT,Mar 2021,50K km,Petrol,Automatic (CVT),1st Owner,Apr 2027,7.24 Lakh,9.8,9.4,8.2,8.5,8.2,955000
2019 Audi Q5 45 TFSI Technology*,Audi,Q5 45 Tfsi Technology*,,Jul 2018,64K km,Petrol,Automatic,1st Owner,Nov 2026,25.90 Lakh,9.8,8.8,8.4,8.5,7.9,5979000
2021 Jeep Compass Limited Plus 2.0 Diesel 4x4 AT*,Jeep,Compass Limited 2.0 4X4 At*,PLUS DIESEL,Jan 2020,49K km,Diesel (BSVI),Automatic (Torque Convertor),1st Owner,Apr 2027,15.06 Lakh,9.8,9.7,9.0,9.1,8.1,2760000
2020 MG Motors Hector Sharp 1.5 DCT Petrol,Mg,Motors Hector Sharp 1.5,DCT PETROL,Sep 2020,77K km,Petrol (BSIV),Automatic (DCT),1st Owner,Apr 2027,10.84 Lakh,9.6,9.5,8.7,8.9,8.3,1728000
2021 Kia Sonet HTX 1.5,Kia,Sonet 1.5,HTX,Jun 2021,57K km,Diesel (BSVI),Manual (Regular),2nd Owner,Apr 2027,8.54 Lakh,9.8,9.6,8.6,8.7,8.3,1039000
2021 Kia Sonet GTX Plus 1.5,Kia,Sonet 1.5,GTX PLUS,Jan 2021,53K km,Diesel,Manual (Regular),1st Owner,Jan 2027,10 Lakh,9.7,9.3,8.9,8.8,8.3,1259000
2019 Kia Seltos GTX Plus DCT 1.4,Kia,Seltos 1.4,GTX PLUS DCT,Sep 2019,35K km,Petrol,Automatic (DCT),1st Owner,Oct 2026,12.15 Lakh,9.9,9.7,8.9,8.6,8.4,1669000
2020 Kia Seltos HTX Plus 1.5 Diesel,Kia,Seltos 1.5,HTX PLUS DIESEL,Jan 2020,74K km,Diesel (BSVI),Manual (Regular),1st Owner,Jan 2027,11.46 Lakh,9.7,9.5,8.8,8.5,8.1,1549000
2020 Kia Seltos GTX Plus DCT 1.4,Kia,Seltos 1.4,GTX PLUS DCT,Nov 2020,103K km,Petrol (BSVI),Automatic (DCT),1st Owner,Dec 2026,10.79 Lakh,9.6,9.2,8.1,8.4,8.3,1729000
2021 Kia Seltos GTX Plus 1.4 DCT,Kia,Seltos 1.4,GTX PLUS DCT,Apr 2021,72K km,Petrol (BSVI),Automatic (DCT),1st Owner,Apr 2027,11.96 Lakh,9.7,9.4,8.9,8.8,7.8,1729000
2020 Kia Seltos GTX Plus DCT 1.4,Kia,Seltos 1.4,GTX PLUS DCT,Jan 2020,110K km,Petrol (BSVI),Automatic (DCT),2nd Owner,Feb 2027,10.08 Lakh,9.6,9.2,8.7,8.0,7.8,1729000
2021 Kia Seltos GTX Plus 1.4 DCT,Kia,Seltos 1.4,GTX PLUS DCT,Mar 2021,103K km,Petrol (BSVI),Automatic (DCT),1st Owner,Apr 2027,10.86 Lakh,9.6,8.5,8.3,8.3,7.9,1749000
2020 Kia Seltos GTX Plus DCT 1.4,Kia,Seltos 1.4,GTX PLUS DCT,Mar 2020,92K km,Petrol,Automatic (DCT),1st Owner,Apr 2027,10.83 Lakh,9.7,9.3,8.6,8.1,8.2,1729000
2021 Kia Sonet GTX Plus 1.5,Kia,Sonet 1.5,GTX PLUS,Apr 2021,30K km,Diesel,Manual (Regular),1st Owner,Apr 2027,10.30 Lakh,9.9,9.0,9.2,8.9,8.8,1284000
2023 Nissan Magnite XV Premium Turbo CVT,Nissan,Magnite Xv,PREMIUM TURBO CVT,Apr 2023,29K km,Petrol,Automatic (CVT),1st Owner,Apr 2027,8.92 Lakh,9.9,9.8,9.1,8.6,8.6,1091000
2022 Kia Seltos HTX 1.5 IVT,Kia,Seltos 1.5 Ivt,HTX,Apr 2022,54K km,Petrol (BSVI),Automatic (CVT),1st Owner,Apr 2027,12.61 Lakh,9.8,9.6,9.1,8.9,8.2,1499000
2022 MG Motors Hector Sharp 2.0 Diesel Turbo MT,Mg,Motors Hector Sharp 2.0,DIESEL TURBO MT,Feb 2022,35K km,Diesel (BSVI),Manual (Regular),1st Owner,Feb 2027,15.40 Lakh,9.9,9.5,9.1,9.2,8.2,1998800
2021 MG Motors Hector Sharp 1.5 Petrol CVT,Mg,Motors Hector Sharp 1.5,PETROL CVT,Feb 2021,50K km,Petrol,Automatic (CVT),1st Owner,Apr 2027,13.44 Lakh,9.8,9.5,8.9,8.5,8.3,1658800
2024 BMW X1 sDrive18d M Sport*,Bmw,X1 Sdrive18D M Sport*,,Apr 2023,23K km,Diesel (BSIV),Automatic (DCT),1st Owner,Dec 2026,45.50 Lakh,9.9,9.8,9.3,9.3,8.6,4890000
2022 Volkswagen Taigun Topline 1.0 TSI MT,Volkswagen,Taigun Topline 1.0 Tsi,MT,Feb 2022,120K km,Petrol (BSVI),Manual (Regular),1st Owner,Apr 2027,11.04 Lakh,9.6,8.9,7.9,7.9,8.4,1539900
2021 Kia Sonet HTK Plus 1.5 AT,Kia,Sonet 1.5,HTK PLUS AT,May 2021,44K km,Diesel (BSVI),Automatic (Torque Convertor),1st Owner,Apr 2027,9.16 Lakh,9.7,9.5,8.9,8.6,7.8,1039000
2023 Kia Sonet GTX Plus 1.0 DCT,Kia,Sonet 1.0,GTX PLUS DCT,Jan 2023,35K km,Petrol (BSVI),Automatic (DCT),1st Owner,Jan 2027,11.81 Lakh,9.9,9.7,9.3,9.4,8.2,1377000
2021 Kia Seltos GTX Plus DCT 1.4,Kia,Seltos 1.4,GTX PLUS DCT,Apr 2021,82K km,Petrol (BSVI),Automatic (DCT),1st Owner,Apr 2027,11.55 Lakh,9.7,9.4,8.1,8.7,7.8,1729000
2023 Tata Nexon Fearless Plus 1.2 Revotron Petrol 6MT,Tata,Nexon Fearless 1.2 Revotron 6Mt,PLUS PETROL,Aug 2023,28K km,Petrol,Manual (Regular),1st Owner,Apr 2027,10.40 Lakh,9.9,9.8,8.6,9.4,9.0,1260000
2016 Ford EcoSport Titanium+ 1.5L TDCi,Ford,Ecosport Titanium+ 1.5L,TDCI,Aug 2016,132K km,Diesel (BSIV),Manual (Regular),1st Owner,Apr 2027,5.47 Lakh,9.1,8.4,7.2,7.9,8.0,1020000
2020 Tata Nexon XMA (S) Diesel,Tata,Nexon (S),XMA DIESEL,Sep 2020,71K km,Diesel (BSVI),Automatic (AMT),2nd Owner,Apr 2027,7 Lakh,9.7,9.5,9.0,8.8,8.4,999000
2022 Tata Nexon XZA Plus (O) Dual Tone,Tata,Nexon Dual Tone,XZA PLUS (O),Mar 2022,41K km,Petrol (BSVI),Automatic (AMT),1st Owner,Apr 2027,10 Lakh,9.8,9.6,9.1,8.5,8.0,1170900
2023 Kia Seltos HTX 1.5,Kia,Seltos 1.5,HTX,Jan 2023,49K km,Petrol (BSVI),Manual (Regular),1st Owner,Mar 2027,12.70 Lakh,9.8,9.7,9.1,,10.0,1519900
2020 Kia Seltos GTX Plus DCT 1.4,Kia,Seltos 1.4,GTX PLUS DCT,Aug 2020,80K km,Petrol (BSVI),Automatic (DCT),2nd Owner,Apr 2027,10.30 Lakh,9.7,9.5,9.0,8.8,8.7,1729000
2023 Volkswagen Taigun Topline 1.0 TSI MT*,Volkswagen,Taigun Topline 1.0 Tsi Mt*,,Dec 2022,74K km,Petrol (BSVI),Manual (Regular),1st Owner,Apr 2027,10.19 Lakh,9.7,9.4,9.1,8.1,8.2,1540900
2022 Hyundai Creta SX 1.5 Petrol IVT,Hyundai,Creta 1.5 Ivt,SX PETROL,Feb 2022,102K km,Petrol (BSVI),Automatic (CVT),1st Owner,Apr 2027,11.91 Lakh,9.6,9.3,8.6,8.4,8.0,1633000
2023 Volkswagen Taigun Topline 1.0 TSI MT*,Volkswagen,Taigun Topline 1.0 Tsi Mt*,,Nov 2022,50K km,Petrol (BSVI),Manual (Regular),1st Owner,Aug 2026,10.65 Lakh,9.6,9.7,8.7,9.1,8.5,1559900
2020 Kia Seltos GTX Plus AT 1.5 Diesel,Kia,Seltos 1.5,GTX PLUS AT DIESEL,Jan 2020,120K km,Diesel (BSVI),Automatic (Torque Convertor),2nd Owner,Apr 2027,10.80 Lakh,9.6,9.1,7.6,8.1,8.5,1649000
2020 Kia Seltos HTX 1.5,Kia,Seltos 1.5,HTX,Jul 2020,66K km,Petrol (BSVI),Manual (Regular),1st Owner,Aug 2026,10.06 Lakh,9.8,9.6,8.9,8.9,8.3,1334000
2019 Kia Seltos GTX Plus DCT 1.4,Kia,Seltos 1.4,GTX PLUS DCT,Sep 2019,106K km,Petrol (BSVI),Automatic (DCT),1st Owner,Apr 2027,10.05 Lakh,9.6,9.2,8.2,8.0,7.4,1669000
2022 MG Motors Hector Sharp 1.5 Petrol CVT,Mg,Motors Hector Sharp 1.5,PETROL CVT,Feb 2022,64K km,Petrol (BSVI),Automatic (CVT),1st Owner,Apr 2027,13.74 Lakh,9.8,9.6,9.3,9.3,8.3,1988800
2023 Maruti Suzuki Fronx Alpha 1.0L Turbo 6 AT,Maruti,Suzuki Fronx 1.0L 6,ALPHA TURBO AT,Apr 2023,88K km,Petrol (BSVI),Automatic (Torque Convertor),1st Owner,Apr 2027,9.47 Lakh,9.7,9.4,8.5,7.9,7.3,1314000
2021 Kia Seltos GTX Plus 1.5 Diesel AT,Kia,Seltos 1.5,GTX PLUS DIESEL AT,Oct 2021,120K km,Diesel (BSIV),Automatic (Torque Convertor),1st Owner,Nov 2026,12.43 Lakh,9.5,8.5,8.2,8.7,8.6,1749000
2022 Volkswagen Taigun Highline 1.0 TSI MT,Volkswagen,Taigun Highline 1.0 Tsi,MT,Mar 2022,62K km,Petrol (BSVI),Manual (Regular),1st Owner,Apr 2027,9.49 Lakh,9.8,9.6,9.1,8.8,8.3,1549900
2022 Volkswagen Taigun Topline 1.0 TSI MT*,Volkswagen,Taigun Topline 1.0 Tsi Mt*,,Nov 2021,120K km,Petrol (BSVI),Manual (Regular),1st Owner,Apr 2027,9.47 Lakh,9.3,9.2,7.6,8.1,7.4,1549900
2020 Hyundai Creta SX (O) 1.5 Diesel,Hyundai,Creta 1.5,SX (O) DIESEL,Aug 2020,52K km,Diesel (BSVI),Manual (Regular),2nd Owner,Apr 2027,12.46 Lakh,9.7,9.5,9.3,8.9,8.5,1720000
2016 Ford EcoSport Titanium 1.5L Ti-VCT,Ford,Ecosport Titanium 1.5L Ti-Vct,,Nov 2016,111K km,Petrol (BSIV),Manual (Regular),1st Owner,Nov 2026,5.09 Lakh,9.6,9.2,8.3,8.1,8.6,948500
2023 Kia Seltos HTX 1.5*,Kia,Seltos 1.5*,HTX,Nov 2022,47K km,Petrol (BSVI),Manual (Regular),1st Owner,Jan 2027,11.92 Lakh,9.8,9.6,8.9,8.6,8.4,1449000
2022 Kia Seltos GTX Plus 1.5 Diesel AT,Kia,Seltos 1.5,GTX PLUS DIESEL AT,Mar 2022,49K km,Diesel (BSVI),Automatic (Torque Convertor),2nd Owner,Sep 2026,14.44 Lakh,9.8,9.6,9.4,9.1,8.2,1545000
2025 Hyundai Venue SX 1.2 Petrol,Hyundai,Venue 1.2,SX PETROL,Mar 2025,6K km,Petrol (BSVI),Manual (Regular),1st Owner,Apr 2027,11.24 Lakh,10.0,10.0,9.9,9.7,9.6,1113000
2017 Maruti Suzuki S-Cross Zeta 1.3,Maruti,Suzuki S-Cross 1.3,ZETA,May 2017,95K km,Diesel (BSIV),Manual (Regular),1st Owner,Apr 2027,5.81 Lakh,9.3,9.4,8.2,8.1,8.0,1045000
2022 Nissan Magnite XV Premium Turbo CVT,Nissan,Magnite Xv,PREMIUM TURBO CVT,Feb 2022,32K km,Petrol (BSVI),Automatic (CVT),1st Owner,Mar 2027,8.07 Lakh,9.9,9.7,9.5,8.7,8.7,1000000
2023 Kia Sonet HTK Plus 1.2 Petrol MT,Kia,Sonet 1.2,HTK PLUS PETROL MT,May 2023,11K km,Petrol (BSVI),Manual (Regular),1st Owner,Apr 2027,8.46 Lakh,9.9,9.9,9.8,9.6,9.4,989000
2017 Maruti Suzuki Vitara Brezza ZDi+ Dual Tone,Maruti,Suzuki Vitara Brezza Zdi+ Dual Tone,,Feb 2017,105K km,Diesel (BSIV),Manual (Regular),1st Owner,Apr 2027,6.86 Lakh,9.6,9.3,8.3,7.7,8.1,991000
2021 Kia Sonet HTX 1.5,Kia,Sonet 1.5,HTX,Feb 2021,46K km,Diesel (BSIV),Manual (Regular),1st Owner,Apr 2027,9.17 Lakh,9.7,9.5,8.8,9.0,8.2,1039000
2023 Hyundai Alcazar Signature 6 STR 1.5 Diesel*,Hyundai,Alcazar Signature 6 Str 1.5 Diesel*,,Nov 2022,70K km,Diesel (BSVI),Manual (Regular),1st Owner,Apr 2027,14.51 Lakh,9.7,9.1,9.0,9.0,8.5,1965000
2021 Kia Seltos HTX 1.5 IVT,Kia,Seltos 1.5 Ivt,HTX,Aug 2021,84K km,Petrol (BSVI),Automatic (CVT),2nd Owner,Apr 2027,9.80 Lakh,9.7,9.4,8.7,8.4,7.4,1449000
2022 Kia Seltos GTX Plus 1.4 DCT,Kia,Seltos 1.4,GTX PLUS DCT,Jul 2022,41K km,Petrol (BSVI),Automatic (DCT),1st Owner,Apr 2027,14.20 Lakh,9.6,9.6,9.4,8.8,8.0,1749000
2018 Mahindra XUV500 W11 AT,Mahindra,Xuv500 W11,AT,May 2018,76K km,Diesel (BSIV),Automatic (Torque Convertor),1st Owner,Apr 2027,11.91 Lakh,9.3,9.5,8.3,8.6,8.3,1898000
2015 Ford EcoSport Titanium 1.5 TDCi,Ford,Ecosport Titanium 1.5,TDCI,Mar 2015,146K km,Diesel (BSIV),Manual (Regular),1st Owner,Mar 2027,4.74 Lakh,9.4,9.0,8.0,7.7,8.4,986000
2024 Maruti Suzuki Brezza ZXi Plus*,Maruti,Suzuki Brezza Plus*,ZXI,Sep 2023,20K km,Petrol (BSVI),Manual (Regular),2nd Owner,Jan 2027,10.40 Lakh,9.9,9.9,9.7,9.5,9.3,1258000
2020 Kia Sonet GTX Plus 1.0 DCT,Kia,Sonet 1.0,GTX PLUS DCT,Nov 2020,43K km,Petrol (BSVI),Automatic (DCT),1st Owner,Nov 2026,9.35 Lakh,9.7,9.7,9.0,8.8,8.5,1289000
2022 Kia Sonet Anniversary Edition 1.5,Kia,Sonet Anniversary 1.5,EDITION,Apr 2022,69K km,Diesel (BSVI),Manual (Regular),1st Owner,Apr 2027,9 Lakh,9.6,9.4,8.7,8.4,8.0,1165000
2020 Kia Seltos GTX Plus DCT 1.4*,Kia,Seltos 1.4*,GTX PLUS DCT,Nov 2019,109K km,Petrol (BSVI),Automatic (DCT),2nd Owner,Apr 2027,9.51 Lakh,9.6,8.8,7.8,8.1,8.0,1669000
2020 Kia Seltos GTX Plus DCT 1.4*,Kia,Seltos 1.4*,GTX PLUS DCT,Nov 2019,90K km,Petrol (BSIV),Automatic (DCT),1st Owner,Apr 2027,10.49 Lakh,9.7,9.3,7.7,8.0,8.1,1669000
2018 Renault Duster 110 PS RXZ 4X2 MT Diesel,Renault,Duster 110 Ps 4X2,RXZ MT DIESEL,Oct 2018,86K km,Diesel,Manual (Regular),1st Owner,Nov 2026,6.55 Lakh,9.6,9.2,8.3,8.6,8.2,1279000
2019 Kia Seltos GTX Plus 1.4,Kia,Seltos 1.4,GTX PLUS,Aug 2019,64K km,Petrol (BSIV),Manual (Regular),1st Owner,Sep 2026,10.70 Lakh,9.8,9.4,9.0,8.6,8.0,1669000
2022 MG Motors Hector Plus Sharp 1.5 Petrol Turbo CVT 6-STR,Mg,Motors Hector Sharp 1.5 6-Str,PLUS PETROL TURBO CVT,Mar 2022,62K km,Petrol (BSVI),Automatic (DCT),1st Owner,Apr 2027,14.46 Lakh,9.7,9.3,8.9,8.1,8.4,2130800
2024 Maruti Suzuki Fronx Alpha 1.0L Turbo MT*,Maruti,Suzuki Fronx 1.0L Mt*,ALPHA TURBO,Apr 2023,12K km,Petrol,Manual (Regular),1st Owner,Dec 2026,9.98 Lakh,9.9,9.9,9.8,9.2,9.2,1297000
2019 Hyundai Creta SX 1.6 AT CRDi*,Hyundai,Creta 1.6 Crdi*,SX AT,Nov 2018,92K km,Diesel (BSIV),Automatic (Torque Convertor),1st Owner,Feb 2027,9.97 Lakh,9.5,8.9,8.3,7.7,8.0,1503997
2020 Kia Seltos HTX 1.5,Kia,Seltos 1.5,HTX,Aug 2020,46K km,Petrol (BSVI),Manual (Regular),1st Owner,Sep 2028,10.12 Lakh,9.8,9.6,8.6,8.4,8.3,1329000
2023 Kia Seltos GTX Plus 1.4,Kia,Seltos 1.4,GTX PLUS,Jan 2023,49K km,Petrol (BSVI),Manual (Regular),1st Owner,Apr 2027,14.49 Lakh,9.8,9.7,9.1,8.4,8.2,1945000
2022 Volkswagen Taigun Highline 1.0 TSI MT,Volkswagen,Taigun Highline 1.0 Tsi,MT,Feb 2022,64K km,Petrol (BSVI),Manual (Regular),1st Owner,Apr 2027,9.47 Lakh,9.8,9.6,9.2,8.5,8.4,1456900
2019 Kia Seltos GTX DCT 1.4 Dual Tone,Kia,Seltos 1.4 Dual Tone,GTX DCT,Aug 2019,37K km,Petrol (BSIV),Automatic (DCT),1st Owner,Apr 2027,11.20 Lakh,9.9,9.6,8.7,8.1,7.9,1669000
2018 Hyundai Creta SX 1.6 (O) Petrol,Hyundai,Creta 1.6,SX (O) PETROL,May 2018,48K km,Petrol (BSIV),Manual (Regular),1st Owner,Apr 2027,9.49 Lakh,9.8,9.7,8.8,8.4,8.2,1358000
2020 Kia Seltos HTX Plus AT 1.5 Diesel,Kia,Seltos 1.5,HTX PLUS AT DIESEL,Jan 2020,112K km,Diesel,Automatic (Torque Convertor),1st Owner,Apr 2027,10.42 Lakh,9.5,8.9,7.2,7.6,7.9,1629000
2023 Kia Sonet HTK Plus 1.5,Kia,Sonet 1.5,HTK PLUS,Feb 2023,57K km,Diesel (BSVI),Manual (Regular),1st Owner,Apr 2027,9.45 Lakh,9.7,8.8,9.1,9.1,8.1,1049000
2023 Tata Nexon XM Plus (S) Diesel,Tata,Nexon (S),XM PLUS DIESEL,Jan 2023,49K km,Diesel (BSVI),Manual (Regular),1st Owner,Feb 2027,9.26 Lakh,9.8,9.7,8.9,8.4,8.6,1080000
2023 Honda Elevate VX MT,Honda,Elevate Vx,MT,Sep 2023,40K km,Petrol (BSVI),Manual (Regular),1st Owner,Sep 2026,11.01 Lakh,9.8,9.7,9.2,9.1,8.2,1363000
2022 Renault Kiger RXZ MT,Renault,Kiger,RXZ MT,May 2022,93K km,Petrol (BSVI),Manual (Regular),1st Owner,Apr 2027,5.67 Lakh,9.7,9.3,8.3,8.2,8.1,799000
2022 Mahindra XUV 300 W8 (O) 1.5 Diesel,Mahindra,Xuv 300 1.5,W8 (O) DIESEL,Jul 2022,47K km,Diesel (BSVI),Manual (Regular),1st Owner,Feb 2027,10.17 Lakh,9.8,8.8,8.9,8.8,8.5,1272000
2023 Volkswagen Taigun Highline 1.0 TSI MT,Volkswagen,Taigun Highline 1.0 Tsi,MT,Jul 2023,18K km,Petrol (BSVI),Manual (Regular),1st Owner,Apr 2027,11.13 Lakh,9.9,9.9,9.7,9.2,9.2,1542000
2022 Skoda Kushaq Style 1.5L TSI DSG,Skoda,Kushaq Style 1.5L Tsi Dsg,,Jun 2022,102K km,Petrol (BSIV),Automatic (DSG),2nd Owner,Apr 2027,11.44 Lakh,9.6,9.2,8.6,8.6,8.3,1759000
2022 Kia Seltos HTX 1.5 Diesel,Kia,Seltos 1.5,HTX DIESEL,Apr 2022,99K km,Diesel (BSVI),Manual (Regular),1st Owner,Apr 2027,11.49 Lakh,9.4,9.1,8.3,8.6,8.4,1429000
2023 Maruti Suzuki Grand Vitara Alpha Smart Hybrid*,Maruti,Suzuki Grand Vitara Smart Hybrid*,ALPHA,Oct 2022,94K km,Petrol (BSVI),Manual (Regular),1st Owner,Apr 2027,11.15 Lakh,9.7,9.4,8.9,8.2,8.3,1539000
2022 MG Motors Hector Plus Sharp 1.5 Petrol Turbo CVT 6-STR,Mg,Motors Hector Sharp 1.5 6-Str,PLUS PETROL TURBO CVT,Aug 2022,39K km,Petrol (BSIV),Automatic (DCT),1st Owner,Sep 2026,15.33 Lakh,9.8,9.7,9.2,9.1,8.5,2114800
2021 Tata Nexon XZA Plus (S),Tata,Nexon (S),XZA PLUS,Jan 2021,63K km,Petrol (BSVI),Automatic (AMT),1st Owner,Jan 2027,8.34 Lakh,9.5,9.0,8.6,8.7,8.1,1145900
2020 Maruti Suzuki Vitara Brezza ZXi Plus,Maruti,Suzuki Vitara Brezza,ZXI PLUS,Jun 2020,67K km,Petrol (BSVI),Manual (Regular),2nd Owner,Apr 2027,6.81 Lakh,9.8,9.6,9.0,8.3,8.2,975000
2025 Mahindra Thar Roxx AX7 L Petrol AT 2WD,Mahindra,Thar Roxx Ax7 L 2Wd,PETROL AT,Mar 2025,5K km,Petrol,Automatic (Torque Convertor),1st Owner,Apr 2027,21.02 Lakh,10.0,9.9,9.9,9.8,9.5,1899000
2022 Mahindra XUV700 AX 7 Diesel AT Luxury Pack 7 STR,Mahindra,Xuv700 Ax 7 Luxury Pack 7 Str,DIESEL AT,May 2022,44K km,Diesel (BSVI),Automatic (Torque Convertor),1st Owner,Apr 2027,20.24 Lakh,9.8,9.7,9.2,8.8,8.8,2289000
2022 Tata Nexon XZ Plus Diesel,Tata,Nexon,XZ PLUS DIESEL,Jul 2022,105K km,Diesel (BSVI),Manual (Regular),1st Owner,Apr 2027,8.33 Lakh,9.3,8.4,8.5,7.8,8.6,1139900
2020 Kia Seltos GTX Plus 1.4,Kia,Seltos 1.4,GTX PLUS,Aug 2020,97K km,Petrol (BSVI),Manual (Regular),2nd Owner,Oct 2026,9.70 Lakh,9.6,9.1,8.5,7.9,8.4,1729000
2021 MG Motors Hector Plus Sharp 2.0 Diesel Turbo MT 6-STR,Mg,Motors Hector Sharp 2.0 6-Str,PLUS DIESEL TURBO MT,Nov 2021,51K km,Diesel (BSVI),Manual (Regular),1st Owner,Apr 2027,14 Lakh,9.8,8.9,8.9,8.9,8.4,2008800
2025 Maruti Suzuki Fronx Alpha 1.0L Turbo 6 AT*,Maruti,Suzuki Fronx 1.0L 6 At*,ALPHA TURBO,May 2024,22K km,Petrol,Automatic (Torque Convertor),1st Owner,Nov 2026,11.09 Lakh,9.9,9.7,9.8,9.6,8.9,1304000
2018 Renault Captur RXL Diesel*,Renault,Captur Rxl Diesel*,,Nov 2017,95K km,Diesel (BSIV),Manual (Regular),1st Owner,Apr 2027,5.98 Lakh,9.3,9.3,7.5,8.1,8.4,1167000
2022 Renault Kiger RXZ Turbo CVT Dual Tone,Renault,Kiger Dual Tone,RXZ TURBO CVT,Jan 2022,45K km,Petrol (BSVI),Automatic (CVT),1st Owner,Apr 2027,7.55 Lakh,9.8,9.7,9.4,9.1,8.3,1062000
2023 Kia Seltos GTX Plus 1.5 Turbo Petrol DCT,Kia,Seltos 1.5,GTX PLUS TURBO PETROL DCT,Sep 2023,37K km,Petrol,Automatic (DCT),1st Owner,Sep 2026,16.58 Lakh,9.9,9.7,9.5,9.0,8.5,1979900
2024 Tata Punch Creative Flagship Dual Tone MT*,Tata,Punch Creative Flagship Dual Tone Mt*,,Dec 2023,32K km,Petrol,Manual (Regular),1st Owner,Dec 2026,8.14 Lakh,9.9,9.8,9.5,9.0,8.9,960000
2020 MG Motors Hector Sharp Hybrid 1.5 Petrol,Mg,Motors Hector Sharp Hybrid 1.5,PETROL,Oct 2020,80K km,Hybrid (BSVI),Manual (Regular),2nd Owner,Apr 2027,9.51 Lakh,9.7,9.5,8.2,8.8,8.1,1646000
2022 Mahindra XUV700 AX 7 Diesel MT Luxury Pack 7 STR,Mahindra,Xuv700 Ax 7 Luxury Pack 7 Str,DIESEL MT,May 2022,49K km,Diesel (BSVI),Manual (Regular),1st Owner,Jul 2026,19.34 Lakh,9.8,9.7,8.3,8.4,7.7,2159000
2022 Maruti Suzuki Brezza ZXI AT,Maruti,Suzuki Brezza,ZXI AT,Jul 2022,47K km,Petrol (BSVI),Automatic (Torque Convertor),1st Owner,Apr 2027,10.14 Lakh,9.8,9.7,8.6,8.7,7.9,1244000
2023 Maruti Suzuki Brezza ZXi Plus,Maruti,Suzuki Brezza,ZXI PLUS,Feb 2023,71K km,Petrol (BSVI),Manual (Regular),1st Owner,Apr 2027,10.08 Lakh,9.7,9.5,9.1,8.6,8.3,1248000
2022 Renault Kiger RXZ Turbo CVT Dual Tone,Renault,Kiger Dual Tone,RXZ TURBO CVT,Jun 2022,29K km,Petrol (BSVI),Automatic (CVT),1st Owner,Apr 2027,7.96 Lakh,9.8,9.7,9.2,8.9,8.5,1077000
2022 Maruti Suzuki Brezza ZXi Plus,Maruti,Suzuki Brezza,ZXI PLUS,Jun 2022,55K km,Petrol (BSVI),Manual (Regular),2nd Owner,Oct 2026,9.21 Lakh,9.8,9.6,9.0,8.6,8.3,1248000
2023 Mahindra XUV 300 W8 (O) 1.2 Petrol,Mahindra,Xuv 300 1.2,W8 (O) PETROL,Jul 2023,28K km,Petrol (BSVI),Manual (Regular),1st Owner,Apr 2027,9.90 Lakh,9.9,9.8,9.1,9.2,9.0,1315000
2018 Hyundai Creta SX 1.6 Petrol,Hyundai,Creta 1.6,SX PETROL,Nov 2018,49K km,Petrol (BSIV),Manual (Regular),2nd Owner,Nov 2026,8.22 Lakh,9.8,9.6,9.0,8.5,8.6,1199000
2018 Hyundai Creta SX 1.6 Petrol,Hyundai,Creta 1.6,SX PETROL,Aug 2018,100K km,Petrol (BSIV),Manual (Regular),1st Owner,Apr 2027,7.51 Lakh,9.6,9.3,8.6,8.5,8.5,1199000
2022 Tata Nexon XZA Plus (O) Diesel,Tata,Nexon,XZA PLUS (O) DIESEL,Mar 2022,32K km,Diesel (BSVI),Automatic (AMT),1st Owner,Apr 2027,10.89 Lakh,9.9,9.7,9.3,8.6,8.5,1324900
2020 Maruti Suzuki Vitara Brezza ZXi Plus AT SHVS,Maruti,Suzuki Vitara Brezza Shvs,ZXI PLUS AT,Feb 2020,68K km,Petrol,Automatic (Torque Convertor),1st Owner,Apr 2027,8.19 Lakh,9.5,9.4,8.3,8.1,8.1,1114000
2021 Renault Kiger RXZ AMT Dual Tone,Renault,Kiger Dual Tone,RXZ AMT,Feb 2021,21K km,Petrol (BSVI),Automatic (AMT),1st Owner,Sep 2026,6.17 Lakh,9.8,9.5,9.1,8.9,8.9,812000
2022 Renault Kiger RXZ 1.0 Turbo MT Dual Tone,Renault,Kiger 1.0 Dual Tone,RXZ TURBO MT,Jan 2022,45K km,Petrol (BSVI),Manual (Regular),1st Owner,Apr 2027,6.50 Lakh,9.8,9.7,9.1,9.2,8.3,952000
2022 Volkswagen Taigun Highline 1.0 TSI MT,Volkswagen,Taigun Highline 1.0 Tsi,MT,Jun 2022,18K km,Petrol (BSVI),Manual (Regular),1st Owner,Apr 2027,10.23 Lakh,9.9,9.9,9.4,9.2,9.1,1549900
2021 Maruti Suzuki Vitara Brezza VXi AT SHVS,Maruti,Suzuki Vitara Brezza Shvs,VXI AT,Jun 2021,37K km,Petrol (BSVI),Automatic (Torque Convertor),1st Owner,Apr 2027,8.25 Lakh,9.8,9.7,8.7,8.3,8.1,998000
2022 Maruti Suzuki Vitara Brezza ZXi Plus,Maruti,Suzuki Vitara Brezza,ZXI PLUS,Mar 2022,41K km,Petrol (BSVI),Manual (Regular),1st Owner,Mar 2027,8.80 Lakh,9.8,9.7,9.0,8.8,8.9,1198000
2017 Ford EcoSport Trend+ 1.5L TDCi,Ford,Ecosport Trend+ 1.5L,TDCI,May 2017,128K km,Diesel (BSIV),Manual (Regular),2nd Owner,Apr 2027,5.21 Lakh,9.5,9.0,8.1,7.9,8.4,874000
2025 Volkswagen Taigun Highline Plus 1.0 TSI MT*,Volkswagen,Taigun Highline 1.0 Tsi Mt*,PLUS,Oct 2024,11K km,Petrol,Manual (Regular),1st Owner,Apr 2027,13.16 Lakh,9.9,9.9,9.5,9.1,9.2,1542900
2023 Kia Sonet HTX 1.0 DCT,Kia,Sonet 1.0,HTX DCT,Mar 2023,50K km,Petrol,Automatic (DCT),1st Owner,Apr 2027,9.70 Lakh,9.6,9.5,9.3,8.5,8.4,1229000
2020 Kia Seltos GTX Plus DCT 1.4,Kia,Seltos 1.4,GTX PLUS DCT,Jan 2020,89K km,Petrol (BSVI),Automatic (DCT),2nd Owner,Apr 2027,10.18 Lakh,9.7,9.1,8.7,8.7,8.4,1729000
2022 Nissan Magnite XV Premium Turbo CVT,Nissan,Magnite Xv,PREMIUM TURBO CVT,Feb 2022,54K km,Petrol (BSVI),Automatic (CVT),1st Owner,Apr 2027,7.57 Lakh,9.8,9.5,8.8,8.8,8.0,1030000
2023 Hyundai Venue SX (O) 1.0 Turbo DCT,Hyundai,Venue 1.0,SX (O) TURBO DCT,Jun 2023,20K km,Petrol (BSVI),Automatic (DCT),1st Owner,Apr 2027,11.31 Lakh,9.9,9.9,9.7,9.5,8.7,1272000
2022 Tata Punch Creative Dual Tone AMT,Tata,Punch Creative Dual Tone,AMT,Jan 2022,27K km,Petrol (BSVI),Automatic (AMT),1st Owner,Apr 2027,7.59 Lakh,9.8,9.7,9.6,9.3,8.3,954900
2023 Mahindra XUV700 AX 7 Luxury Pack Diesel AT 7 STR,Mahindra,Xuv700 Ax 7 Luxury Pack 7 Str,DIESEL AT,Sep 2023,98K km,Diesel,Automatic (Torque Convertor),1st Owner,Apr 2027,19.71 Lakh,9.5,9.4,8.3,8.4,8.0,2495000
2023 Nissan Magnite XV Premium Turbo CVT,Nissan,Magnite Xv,PREMIUM TURBO CVT,Aug 2023,37K km,Petrol (BSIV),Automatic (CVT),1st Owner,Nov 2026,8.58 Lakh,9.9,9.7,9.6,9.6,8.5,1086000
2020 Hyundai Creta SX (O) 1.4 Turbo 7 DCT,Hyundai,Creta 1.4 7,SX (O) TURBO DCT,Sep 2020,107K km,Petrol,Automatic (DCT),1st Owner,Apr 2027,10.78 Lakh,9.6,9.2,8.0,8.3,7.5,1720000
2022 Mahindra XUV700 AX 5 Petrol AT 5 STR,Mahindra,Xuv700 Ax 5 5 Str,PETROL AT,Mar 2022,113K km,Petrol (BSVI),Automatic (Torque Convertor),1st Owner,Apr 2027,14.36 Lakh,9.6,9.1,8.5,8.5,8.2,1839000
2023 Hyundai Creta SX (O) 1.4 Turbo 7 DCT*,Hyundai,Creta 1.4 7 Dct*,SX (O) TURBO,Dec 2022,43K km,Petrol (BSVI),Automatic (DCT),1st Owner,Apr 2027,14.49 Lakh,9.8,9.6,8.8,8.9,8.3,1787000
2018 Mahindra KUV100 NXT K2 6 STR,Mahindra,Kuv100 Nxt K2 6 Str,,Jun 2018,36K km,Petrol (BSIV),Manual (Regular),1st Owner,Apr 2027,3.51 Lakh,9.7,9.3,7.8,8.6,8.2,439000
2018 Maruti Suzuki S-Cross Zeta 1.3,Maruti,Suzuki S-Cross 1.3,ZETA,Jul 2018,66K km,Diesel (BSIV),Manual (Regular),1st Owner,Apr 2027,7.35 Lakh,9.7,9.6,8.9,8.2,8.0,998000
2020 Kia Seltos HTX 1.5,Kia,Seltos 1.5,HTX,Aug 2020,101K km,Petrol (BSVI),Manual (Regular),1st Owner,Oct 2026,8.21 Lakh,9.4,9.3,8.0,7.6,8.2,1334000
2021 Mahindra XUV 300 W8 (O) 1.2 Petrol*,Mahindra,Xuv 300 1.2 Petrol*,W8 (O),Oct 2022,37K km,Petrol (BSIV),Manual (Regular),1st Owner,Apr 2027,8.97 Lakh,9.9,9.8,9.2,8.4,8.9,1221000
2022 Hyundai Alcazar Signature (O) 7 Seater 1.5 Diesel AT,Hyundai,Alcazar Signature 7 Seater 1.5,(O) DIESEL AT,Mar 2022,64K km,Diesel (BSIV),Automatic (Torque Convertor),1st Owner,Apr 2027,15.37 Lakh,9.2,8.7,8.7,8.5,8.2,2110000
2023 Maruti Suzuki Grand Vitara Alpha Smart Hybrid AllGrip*,Maruti,Suzuki Grand Vitara Smart Hybrid Allgrip*,ALPHA,Oct 2022,59K km,Petrol (BSVI),Manual (Regular),2nd Owner,Apr 2027,12.14 Lakh,9.8,9.6,9.0,9.2,8.5,1689000
2023 Hyundai Alcazar Platinum 7 STR 1.5 Diesel,Hyundai,Alcazar Platinum 7 Str 1.5,DIESEL,May 2023,25K km,Diesel,Manual (Regular),1st Owner,Apr 2027,16.73 Lakh,9.9,9.7,9.6,9.5,9.0,2113000
2020 MG Motors Hector Sharp 2.0 Diesel,Mg,Motors Hector Sharp 2.0,DIESEL,May 2020,93K km,Diesel (BSVI),Manual (Regular),1st Owner,Apr 2027,10.74 Lakh,9.5,9.1,8.7,8.5,7.3,1728000
2021 Hyundai Creta SX (O) 1.4 Turbo 7 DCT,Hyundai,Creta 1.4 7,SX (O) TURBO DCT,Apr 2021,54K km,Petrol,Automatic (DCT),1st Owner,Apr 2027,13.41 Lakh,9.8,9.5,8.0,8.1,8.1,1782000
2016 Hyundai Creta 1.6 SX Plus Petrol,Hyundai,Creta 1.6,SX PLUS PETROL,Mar 2016,112K km,Petrol (BSIV),Manual (Regular),1st Owner,Apr 2027,6.54 Lakh,9.6,9.1,7.9,7.7,8.9,1119000
2022 Hyundai Creta SX 1.5 Petrol IVT,Hyundai,Creta 1.5 Ivt,SX PETROL,Aug 2022,93K km,Petrol (BSVI),Automatic (CVT),1st Owner,Apr 2027,11.84 Lakh,9.7,9.4,8.9,8.7,8.2,1558000
2022 Kia Seltos GTX Plus 1.4 DCT,Kia,Seltos 1.4,GTX PLUS DCT,Jul 2022,47K km,Petrol (BSIV),Automatic (DCT),1st Owner,Oct 2026,13.83 Lakh,9.8,9.6,9.3,8.8,8.2,1749000
2021 Ford EcoSport Titanium Plus 1.5L Ti-VCT AT,Ford,Ecosport Titanium 1.5L Ti-Vct,PLUS AT,Jan 2021,61K km,Petrol (BSVI),Automatic (Torque Convertor),1st Owner,Apr 2027,8.23 Lakh,9.8,9.6,9.0,8.9,7.9,1171000
2023 Kia Sonet X Line 1.5 Diesel AT,Kia,Sonet X Line 1.5,DIESEL AT,Jun 2023,35K km,Diesel (BSVI),Automatic (Torque Convertor),1st Owner,Apr 2027,12.92 Lakh,9.8,9.8,9.3,9.3,8.8,1489000
2021 MG Motors Hector Plus Sharp 2.0 Diesel*,Mg,Motors Hector Sharp 2.0 Diesel*,PLUS,Oct 2020,57K km,Diesel (BSVI),Manual (Regular),1st Owner,Dec 2026,12.33 Lakh,9.8,9.4,9.2,9.0,8.5,1728000
2022 Honda WR-V VX MT Petrol,Honda,Wr-V Vx,MT PETROL,Sep 2022,21K km,Petrol (BSVI),Manual (Regular),1st Owner,Jan 2027,7.82 Lakh,9.9,9.8,9.0,9.0,8.8,1037000
2023 Nissan Magnite XV Premium Dual Tone,Nissan,Magnite Xv Dual Tone,PREMIUM,Jan 2023,70K km,Petrol (BSVI),Manual (Regular),1st Owner,Apr 2027,6.40 Lakh,9.7,9.3,8.2,8.5,7.9,875000
2016 Maruti Suzuki S-Cross Alpha 1.6,Maruti,Suzuki S-Cross 1.6,ALPHA,May 2016,100K km,Diesel (BSIV),Manual (Regular),2nd Owner,Apr 2027,5.79 Lakh,9.5,9.1,7.7,7.8,8.4,1203000
2018 Mahindra XUV500 W11 AT,Mahindra,Xuv500 W11,AT,May 2018,102K km,Diesel (BSIV),Automatic (Torque Convertor),1st Owner,Apr 2027,11.45 Lakh,9.3,9.2,8.1,7.6,7.6,1898000
2023 Skoda Kushaq Ambition 1.0L TSI MT,Skoda,Kushaq Ambition 1.0L Tsi,MT,Jan 2023,25K km,Petrol (BSVI),Manual (Regular),2nd Owner,Apr 2027,10.10 Lakh,9.9,9.8,9.4,9.4,9.0,1199000
2017 Hyundai Creta SX Plus 1.6 Petrol,Hyundai,Creta 1.6,SX PLUS PETROL,Sep 2017,123K km,Petrol,Manual (Regular),1st Owner,Apr 2027,6.65 Lakh,9.5,9.1,7.6,7.7,8.8,1208000
2025 Renault Kiger RXZ Turbo CVT Dual Tone*,Renault,Kiger Dual Tone*,RXZ TURBO CVT,Oct 2022,23K km,Petrol (BSVI),Automatic (CVT),1st Owner,Apr 2027,7.55 Lakh,9.3,9.6,9.2,9.5,8.0,1062000
2023 Maruti Suzuki Brezza Zxi Plus AT Dual Tone,Maruti,Suzuki Brezza Dual Tone,ZXI PLUS AT,Jun 2023,41K km,Petrol (BSVI),Automatic (Torque Convertor),1st Owner,Apr 2027,11.33 Lakh,9.8,9.6,9.2,9.1,8.3,1414000
2023 Hyundai Creta EX 1.5 Petrol,Hyundai,Creta Ex 1.5,PETROL,Sep 2023,15K km,Petrol,Manual (Regular),1st Owner,Apr 2027,11.08 Lakh,9.9,9.9,9.5,9.4,9.3,1087000
2013 Ford EcoSport Ambiente 1.5 TDCi,Ford,Ecosport Ambiente 1.5,TDCI,Jul 2013,117K km,Diesel (BSIV),Manual (Regular),1st Owner,Apr 2027,3.88 Lakh,9.4,8.9,8.0,7.7,8.7,668700
2024 Mahindra Thar LX Hard Top Diesel MT 4WD,Mahindra,Thar Lx Hard 4Wd,TOP DIESEL MT,Feb 2024,15K km,Diesel (BSIV),Manual (Regular),1st Owner,Feb 2027,15.40 Lakh,9.9,9.9,9.7,9.5,9.4,1660000
2023 Kia Sonet HTX 1.5 Diesel iMT,Kia,Sonet 1.5 Imt,HTX DIESEL,Apr 2023,28K km,Diesel (BSVI),Manual (Regular),1st Owner,Apr 2027,9.89 Lakh,9.9,9.8,9.6,9.3,9.1,1195000
2024 Maruti Suzuki Grand Vitara Zeta Plus Intelligent Hybrid eCVT,Maruti,Suzuki Grand Vitara Intelligent Hybrid Ecvt,ZETA PLUS,Feb 2024,24K km,Hybrid (BSVI),Automatic (CVT),1st Owner,Apr 2027,16.56 Lakh,9.9,9.7,9.7,9.1,8.9,1833000
2023 Mahindra Scorpio N Z8 L Petrol AT 7 STR,Mahindra,Scorpio N Z8 L 7 Str,PETROL AT,Feb 2023,55K km,Petrol (BSIV),Automatic (Torque Convertor),1st Owner,Apr 2027,18.21 Lakh,9.8,9.6,9.4,9.1,8.1,2156000
2023 MG Motors Hector Plus Sharp Pro 2.0 Turbo Diesel 6 STR,Mg,Motors Hector Sharp Pro 2.0 6 Str,PLUS TURBO DIESEL,Jan 2023,26K km,Diesel (BSVI),Manual (Regular),1st Owner,Apr 2027,18.55 Lakh,9.9,9.8,9.6,9.5,8.8,2242800
2023 Hyundai Alcazar Signature (O) 6 STR 1.5 Petrol DCT,Hyundai,Alcazar Signature 6 Str 1.5,(O) PETROL DCT,Apr 2023,30K km,Petrol (BSVI),Automatic (DCT),1st Owner,Apr 2027,17.91 Lakh,9.9,9.7,9.4,9.1,8.6,2065000
2021 Skoda Kushaq Ambition 1.0L TSI AT,Skoda,Kushaq Ambition 1.0L Tsi,AT,Aug 2021,112K km,Petrol (BSIV),Automatic (Torque Convertor),1st Owner,Apr 2027,9.05 Lakh,9.6,9.2,8.1,8.2,8.2,1419000
2021 Mahindra XUV700 AX 5 Petrol AT 5 STR,Mahindra,Xuv700 Ax 5 5 Str,PETROL AT,Oct 2021,95K km,Petrol (BSVI),Automatic (Torque Convertor),1st Owner,Nov 2026,13.52 Lakh,9.7,9.3,8.5,8.5,8.8,1719000
2022 Renault Kiger RXZ AMT,Renault,Kiger,RXZ AMT,Jan 2022,89K km,Petrol (BSVI),Automatic (AMT),1st Owner,Aug 2026,5.57 Lakh,9.4,8.9,8.6,8.8,8.5,800000
2023 Mahindra XUV700 AX 5 Diesel MT 5 STR,Mahindra,Xuv700 Ax 5 5 Str,DIESEL MT,May 2023,54K km,Diesel,Manual (Regular),1st Owner,Apr 2027,15.97 Lakh,9.8,9.6,9.2,9.1,8.7,1684800
2022 Hyundai Tucson Signature 2.0 AT Petrol,Hyundai,Tucson Signature 2.0,AT PETROL,Nov 2022,19K km,Petrol (BSVI),Automatic (Torque Convertor),1st Owner,Apr 2027,24.51 Lakh,9.9,9.9,9.7,9.5,8.8,2856000
2022 Tata Punch Creative Dual Tone AMT,Tata,Punch Creative Dual Tone,AMT,Aug 2022,16K km,Petrol (BSVI),Automatic (AMT),1st Owner,Feb 2027,7.70 Lakh,9.9,9.8,9.2,9.5,9.3,954900
2020 MG Motors Hector Super 1.5 Petrol*,Mg,Motors Hector Super 1.5 Petrol*,,Nov 2019,45K km,Petrol (BSVI),Manual (Regular),1st Owner,Apr 2027,10.11 Lakh,9.8,9.5,9.2,8.6,8.5,1218000
2022 Kia Seltos GTX Plus 1.5 Diesel AT Dual Tone,Kia,Seltos 1.5 Dual Tone,GTX PLUS DIESEL AT,Jan 2022,58K km,Diesel (BSVI),Automatic (Torque Convertor),1st Owner,Apr 2027,14.59 Lakh,9.6,9.2,8.7,9.0,8.4,1845000
2023 Renault Kiger RXZ MT,Renault,Kiger,RXZ MT,Feb 2023,21K km,Petrol,Manual (Regular),1st Owner,Apr 2027,6.52 Lakh,9.8,9.7,9.6,9.1,8.9,999000
2020 Renault Duster RXZ Turbo Petrol,Renault,Duster,RXZ TURBO PETROL,Oct 2020,46K km,Petrol (BSVI),Manual (Regular),1st Owner,Apr 2027,7.48 Lakh,9.8,9.7,9.0,8.9,8.6,1359000
2018 Maruti Suzuki Vitara Brezza ZDi AGS,Maruti,Suzuki Vitara Brezza Zdi Ags,,Sep 2018,125K km,Diesel (BSIV),Automatic (AMT),1st Owner,Apr 2027,6.31 Lakh,9.1,7.7,7.4,7.8,8.0,975000
2016 Maruti Suzuki S-Cross Delta 1.6*,Maruti,Suzuki S-Cross 1.6*,DELTA,Jul 2015,131K km,Diesel (BSIV),Manual (Regular),2nd Owner,Apr 2027,4.45 Lakh,9.0,8.8,7.7,6.9,8.4,1199000
2023 Mahindra Thar LX Hard Top Diesel AT 4WD,Mahindra,Thar Lx Hard 4Wd,TOP DIESEL AT,Jan 2023,44K km,Diesel (BSVI),Automatic (Torque Convertor),1st Owner,Apr 2027,13.71 Lakh,9.8,9.7,9.4,9.5,8.5,1685000
2017 Hyundai Creta 1.6 SX Plus Auto Petrol*,Hyundai,Creta 1.6 Auto Petrol*,SX PLUS,Oct 2016,110K km,Petrol (BSIV),Automatic (Torque Convertor),1st Owner,Apr 2027,7.32 Lakh,9.5,9.0,8.5,8.0,8.1,1357000
2019 Honda WR-V VX i-VTEC Petrol+cng(Outside Fitted),Honda,Wr-V Vx I-Vtec Petrol+Cng(Outside Fitted),,Feb 2019,46K km,Cng (BSIV),Manual (Regular),1st Owner,Apr 2027,6.31 Lakh,9.8,9.5,8.7,8.6,8.0,975000
2018 Mahindra TUV300 T4 Plus,Mahindra,Tuv300 T4,PLUS,Aug 2018,95K km,Diesel (BSIV),Manual (Regular),1st Owner,Apr 2027,5.74 Lakh,9.7,9.4,8.7,8.9,8.8,817000
2024 Hyundai Creta S Plus 1.5 Diesel Knight*,Hyundai,Creta S 1.5 Knight*,PLUS DIESEL,Nov 2023,26K km,Diesel (BSVI),Manual (Regular),1st Owner,Apr 2027,14.36 Lakh,9.9,9.8,9.3,9.4,8.8,1450800
2024 Tata Nexon EV Empowered Plus Long Range,Tata,Nexon Ev Empowered Long Range,PLUS,Jan 2024,19K km,Electric (BSVI),Automatic,1st Owner,Apr 2027,11.59 Lakh,,,,,,1929000
2022 Kia Sonet Anniversary Edition 1.5 AT*,Kia,Sonet Anniversary 1.5 At*,EDITION,Dec 2021,46K km,Diesel (BSVI),Automatic (Torque Convertor),1st Owner,Dec 2026,9.87 Lakh,9.8,8.6,9.1,7.6,8.1,1176000
2022 Maruti Suzuki Brezza Zxi Dual Tone,Maruti,Suzuki Brezza Dual Tone,ZXI,Sep 2022,40K km,Petrol (BSVI),Manual (Regular),1st Owner,Apr 2027,9.01 Lakh,9.8,9.7,9.2,9.1,8.6,1114000
2019 Hyundai Venue SX Plus 1.0 Turbo DCT,Hyundai,Venue 1.0,SX PLUS TURBO DCT,Sep 2019,66K km,Petrol (BSIV),Automatic (DCT),1st Owner,Sep 2026,7.69 Lakh,9.8,9.5,7.8,8.1,8.0,1110000
2025 Tata Punch EV Empowered Plus S long Range*,Tata,Punch Ev Empowered S Long Range*,PLUS,Dec 2024,27K km,Electric,Automatic,1st Owner,Apr 2027,9.41 Lakh,,,,,,1449000
2019 Ford EcoSport Titanium 1.5L TDCi,Ford,Ecosport Titanium 1.5L,TDCI,May 2019,105K km,Diesel (BSIV),Manual (Regular),3rd Owner,Apr 2027,5.19 Lakh,9.2,8.8,8.6,8.3,7.5,1067000
2021 Mahindra Thar LX Hard Top Diesel MT 4WD,Mahindra,Thar Lx Hard 4Wd,TOP DIESEL MT,Apr 2021,52K km,Diesel (BSIV),Manual (Regular),1st Owner,Apr 2027,11.39 Lakh,9.8,9.7,9.1,8.8,8.5,1376000
2019 Tata Nexon XZ Plus Diesel Dual Tone,Tata,Nexon Dual Tone,XZ PLUS DIESEL,Jan 2019,59K km,Diesel (BSIV),Manual (Regular),1st Owner,Apr 2027,7.30 Lakh,9.7,9.2,8.5,8.4,8.3,1090000
2023 Kia Sonet HTX 1.0 Turbo Petrol DCT,Kia,Sonet 1.0,HTX TURBO PETROL DCT,Sep 2023,15K km,Petrol (BSVI),Automatic (DCT),2nd Owner,Oct 2026,9.97 Lakh,9.9,9.8,9.4,8.9,8.7,1229000
2022 Tata Nexon EV XZ Plus LUX*,Tata,Nexon Ev Lux*,XZ PLUS,Oct 2021,86K km,Electric (BSIV),Automatic,1st Owner,,7.91 Lakh,,,,,,1665000
2022 Kia Seltos HTX Plus 1.5 Diesel,Kia,Seltos 1.5,HTX PLUS DIESEL,Jan 2022,103K km,Diesel (BSVI),Manual (Regular),1st Owner,Jan 2027,12.07 Lakh,9.5,9.2,8.2,8.1,8.2,1539000
2022 Mahindra XUV700 AX 7 Diesel MT Luxury Pack 7 STR,Mahindra,Xuv700 Ax 7 Luxury Pack 7 Str,DIESEL MT,Feb 2022,72K km,Diesel (BSVI),Manual (Regular),1st Owner,Apr 2027,18.32 Lakh,9.7,9.5,9.1,8.9,8.7,2159000
2023 Tata Punch Creative AMT*,Tata,Punch Creative Amt*,,Nov 2022,50K km,Petrol (BSVI),Automatic (AMT),1st Owner,Jan 2027,6.78 Lakh,9.7,9.6,9.1,9.0,7.9,849900
2021 Mahindra Thar LX Hard Top Diesel AT 4WD,Mahindra,Thar Lx Hard 4Wd,TOP DIESEL AT,Apr 2021,60K km,Diesel (BSVI),Automatic (Torque Convertor),2nd Owner,Apr 2027,11.72 Lakh,9.6,9.6,9.0,8.4,7.8,1415000
2018 Ford EcoSport Trend 1.5L TDCi,Ford,Ecosport Trend 1.5L,TDCI,Oct 2018,53K km,Diesel,Manual (Regular),1st Owner,Jan 2027,6.59 Lakh,9.8,9.6,9.0,9.0,8.6,999900
2014 Ford EcoSport Trend 1.5 TDCi*,Ford,Ecosport Trend 1.5 Tdci*,,Dec 2013,129K km,Diesel (BSIV),Manual (Regular),3rd Owner,Apr 2027,3.06 Lakh,9.5,8.3,7.3,7.2,7.4,780000
2020 Hyundai Venue SX Plus 1.0 Turbo DCT*,Hyundai,Venue 1.0 Dct*,SX PLUS TURBO,Nov 2019,65K km,Petrol (BSIV),Automatic (DCT),1st Owner,Dec 2026,7.44 Lakh,9.7,9.6,8.9,8.2,7.8,1111000
2024 Hyundai Creta 1.5 MPi Petrol MT EX,Hyundai,Creta 1.5 Mpi Ex,PETROL MT,Aug 2024,11K km,Petrol (BSVI),Manual (Regular),1st Owner,Oct 2026,11.50 Lakh,9.9,9.9,9.5,9.0,9.5,1099900
2021 Tata Nexon XE,Tata,Nexon,XE,Jun 2021,58K km,Petrol,Manual (Regular),1st Owner,Apr 2027,5.40 Lakh,9.2,9.1,8.3,8.1,8.5,719900
2021 Hyundai Alcazar Signature (O) 6 STR 1.5 Diesel AT,Hyundai,Alcazar Signature 6 Str 1.5,(O) DIESEL AT,Jul 2021,67K km,Diesel (BSVI),Automatic (Torque Convertor),1st Owner,Aug 2026,14.46 Lakh,9.6,9.5,8.9,8.3,8.1,2014500
2021 Nissan Magnite XV Dual Tone,Nissan,Magnite Xv Dual Tone,,May 2021,28K km,Petrol (BSVI),Manual (Regular),2nd Owner,Apr 2027,5.54 Lakh,9.9,9.8,9.4,8.7,8.7,709000
2022 Hyundai Venue SX 1.2 Petrol,Hyundai,Venue 1.2,SX PETROL,Jun 2022,27K km,Petrol (BSVI),Manual (Regular),1st Owner,Apr 2027,8.69 Lakh,9.9,9.8,9.1,9.0,8.6,989000
2020 Kia Seltos GTX Plus AT 1.5 Diesel,Kia,Seltos 1.5,GTX PLUS AT DIESEL,Jan 2020,66K km,Diesel (BSVI),Automatic (Torque Convertor),1st Owner,Feb 2027,13.02 Lakh,9.6,9.5,8.9,8.2,8.3,1659000
2022 Mahindra Thar LX Hard Top Diesel AT 4WD,Mahindra,Thar Lx Hard 4Wd,TOP DIESEL AT,Jul 2022,70K km,Diesel (BSVI),Automatic (Torque Convertor),1st Owner,Apr 2027,12.69 Lakh,9.7,9.5,9.2,9.2,7.8,1415000
2020 MG Motors Hector Sharp 1.5 DCT Petrol,Mg,Motors Hector Sharp 1.5,DCT PETROL,Mar 2020,41K km,Petrol (BSVI),Automatic (DCT),1st Owner,Apr 2027,11.73 Lakh,9.8,9.7,9.0,9.0,8.2,1728000
2016 Ford EcoSport Trend 1.5 TDCi*,Ford,Ecosport Trend 1.5 Tdci*,,Aug 2015,97K km,Diesel (BSIV),Manual (Regular),2nd Owner,Dec 2026,4.38 Lakh,9.6,9.2,8.1,8.2,8.2,860000
2020 Kia Sonet GTX Plus 1.0 DCT,Kia,Sonet 1.0,GTX PLUS DCT,Nov 2020,38K km,Petrol (BSVI),Automatic (DCT),1st Owner,Dec 2026,9.33 Lakh,9.8,9.7,9.0,8.5,8.5,1289000
2019 Ford EcoSport Titanium + 1.5L TDCi,Ford,Ecosport Titanium + 1.5L,TDCI,Jul 2019,106K km,Diesel (BSIV),Manual (Regular),1st Owner,Oct 2026,6.96 Lakh,9.6,9.3,8.4,8.2,8.0,1067000
2021 Kia Seltos GTX Plus DCT 1.4,Kia,Seltos 1.4,GTX PLUS DCT,Apr 2021,62K km,Petrol,Automatic (DCT),1st Owner,Apr 2027,12.09 Lakh,9.8,9.4,9.1,8.2,7.6,1734000
2021 MG Motors Hector Sharp 1.5 Petrol CVT,Mg,Motors Hector Sharp 1.5,PETROL CVT,Feb 2021,69K km,Petrol (BSVI),Automatic (CVT),1st Owner,Feb 2027,12.74 Lakh,9.5,9.5,9.1,8.8,8.5,1769800
2021 MG Motors Hector Plus Sharp 1.5 DCT Petrol,Mg,Motors Hector Sharp 1.5,PLUS DCT PETROL,Aug 2021,48K km,Petrol (BSVI),Automatic (DCT),2nd Owner,Oct 2026,12.71 Lakh,9.8,9.7,9.3,8.9,8.3,1843000
2019 Ford EcoSport Thunder Edition Petrol,Ford,Ecosport Thunder,EDITION PETROL,Sep 2019,58K km,Petrol (BSIV),Manual (Regular),2nd Owner,Nov 2026,6.90 Lakh,9.8,9.6,8.8,8.2,8.2,1018000
2024 Volkswagen Taigun Topline 1.0 TSI MT*,Volkswagen,Taigun Topline 1.0 Tsi Mt*,,Jul 2023,50K km,Petrol (BSVI),Manual (Regular),2nd Owner,Aug 2026,11.25 Lakh,9.8,9.7,9.4,8.9,8.3,1542900
2021 Hyundai Venue SX (O) 1.5 CRDi Executive,Hyundai,Venue 1.5 Crdi Executive,SX (O),Oct 2021,43K km,Diesel (BSVI),Manual (Regular),1st Owner,Oct 2026,9.65 Lakh,9.8,9.7,8.3,8.4,8.1,1185000
2019 Hyundai Venue SX 1.4 (O) CRDi,Hyundai,Venue 1.4 Crdi,SX (O),May 2019,106K km,Diesel (BSIV),Manual (Regular),1st Owner,Apr 2027,7.93 Lakh,9.6,9.3,8.3,8.1,8.2,1110000
2016 Ford EcoSport Trend+ 1.0L EcoBoost,Ford,Ecosport Trend+ 1.0L Ecoboost,,Jan 2016,37K km,Petrol (BSIV),Manual (Regular),1st Owner,Feb 2027,5.55 Lakh,9.8,9.7,9.2,8.7,8.8,919600
2023 Tata Safari XZA Plus (O) 6 S Red Dark Edition,Tata,Safari 6 S Red Dark,XZA PLUS (O) EDITION,Feb 2023,19K km,Diesel (BSVI),Automatic (Torque Convertor),1st Owner,Apr 2027,19.14 Lakh,9.5,8.3,9.2,9.6,8.9,2659900
2022 Maruti Suzuki S-Cross Alpha,Maruti,Suzuki S-Cross,ALPHA,Apr 2022,24K km,Petrol (BSVI),Manual (Regular),1st Owner,Apr 2027,9.36 Lakh,9.9,9.8,9.3,9.1,8.8,1256000
2024 Hyundai Exter SX (O) Connect 1.2 AMT,Hyundai,Exter Connect 1.2,SX (O) AMT,Mar 2024,20K km,Petrol,Automatic (AMT),1st Owner,Mar 2027,8.73 Lakh,9.9,9.9,9.6,9.4,8.8,1027000
2020 MG Motors Hector Sharp 2.0 Diesel*,Mg,Motors Hector Sharp 2.0 Diesel*,,Nov 2019,75K km,Diesel (BSIV),Manual (Regular),1st Owner,Apr 2027,11.02 Lakh,9.5,9.3,8.6,8.2,7.6,1728000
2019 Ford Freestyle Titanium Plus 1.2 Ti-VCT*,Ford,Freestyle Titanium 1.2 Ti-Vct*,PLUS,Sep 2018,86K km,Petrol (BSIV),Manual (Regular),1st Owner,Dec 2026,4.54 Lakh,9.4,9.3,8.3,8.4,8.3,659000
2017 Hyundai Creta 1.6 SX Plus AT Petrol,Hyundai,Creta 1.6,SX PLUS AT PETROL,Aug 2017,84K km,Petrol (BSIV),Automatic (Torque Convertor),2nd Owner,Apr 2027,7.70 Lakh,9.6,9.3,8.2,8.2,8.3,1358000
2018 Ford EcoSport Titanium + 1.5L Ti-VCT AT,Ford,Ecosport Titanium + 1.5L Ti-Vct,AT,Jun 2018,68K km,Petrol (BSIV),Automatic (Torque Convertor),2nd Owner,Apr 2027,6.58 Lakh,9.7,9.4,8.6,8.2,7.9,1137000
2018 Hyundai Creta SX 1.6 CRDi Dual Tone,Hyundai,Creta 1.6 Crdi Dual Tone,SX,Jun 2018,113K km,Diesel (BSIV),Manual (Regular),1st Owner,Apr 2027,8.59 Lakh,9.4,8.6,8.1,7.8,8.6,1358000
2019 Kia Seltos GTX Plus 1.4,Kia,Seltos 1.4,GTX PLUS,Sep 2019,40K km,Petrol (BSIV),Manual (Regular),2nd Owner,Apr 2027,10.58 Lakh,9.8,9.7,8.9,8.6,8.1,1669000
2022 Skoda Kushaq Style 1.5L TSI DSG*,Skoda,Kushaq Style 1.5L Tsi Dsg*,,Oct 2021,60K km,Petrol (BSVI),Automatic (DCT),1st Owner,Jan 2027,12.48 Lakh,9.8,9.6,8.1,9.1,8.2,1619000
2014 Ford EcoSport Titanium 1.5 TDCi (Opt),Ford,Ecosport Titanium 1.5 (Opt),TDCI,Jun 2014,94K km,Diesel (BSIV),Manual (Regular),2nd Owner,Apr 2027,4.76 Lakh,9.4,8.9,8.0,7.7,7.6,980000
2022 Volkswagen Taigun Topline 1.0 TSI MT,Volkswagen,Taigun Topline 1.0 Tsi,MT,Feb 2022,34K km,Petrol (BSVI),Manual (Regular),1st Owner,Apr 2027,11.36 Lakh,9.9,9.8,9.4,9.3,8.8,1539900
2023 Tata Nexon XZA Plus LUXS Dark Edition,Tata,Nexon Luxs Dark,XZA PLUS EDITION,Jan 2023,24K km,Petrol,Automatic (AMT),1st Owner,Apr 2027,10.66 Lakh,9.9,9.8,9.6,8.7,8.8,1259900
2018 Hyundai Creta E Plus 1.4 CRDI,Hyundai,Creta E 1.4 Crdi,PLUS,Jan 2018,118K km,Diesel (BSIV),Manual (Regular),1st Owner,Apr 2027,7.17 Lakh,9.5,9.2,8.2,7.3,8.4,999900
2018 Tata Nexon XM Diesel,Tata,Nexon,XM DIESEL,Feb 2018,96K km,Diesel (BSIV),Manual (Regular),1st Owner,Apr 2027,5.62 Lakh,9.2,8.8,7.4,7.9,7.9,873000
2023 Tata Punch Creative AMT,Tata,Punch Creative,AMT,Jun 2023,21K km,Petrol (BSVI),Automatic (AMT),1st Owner,Apr 2027,7.95 Lakh,9.9,9.8,9.7,9.3,8.7,974900
2023 Mahindra Thar LX Hard Top Diesel AT 4WD*,Mahindra,Thar Lx Hard 4Wd*,TOP DIESEL AT,Oct 2022,67K km,Diesel (BSVI),Automatic (Torque Convertor),1st Owner,Apr 2027,12.44 Lakh,9.5,9.2,8.4,9.0,7.9,1415000
2024 Mahindra XUV700 AX5 Diesel MT 7 STR,Mahindra,Xuv700 Ax5 7 Str,DIESEL MT,Jun 2024,49K km,Diesel,Manual (Regular),1st Owner,Apr 2027,17.81 Lakh,9.8,9.7,9.5,8.8,8.5,1824000
2021 Tata Harrier XMA*,Tata,Harrier Xma*,,Feb 2020,39K km,Diesel (BSVI),Automatic (Torque Convertor),1st Owner,Dec 2026,11.84 Lakh,9.8,9.7,9.1,8.2,8.7,1780000
2022 Skoda Kushaq Style 1.5L TSI MT*,Skoda,Kushaq Style 1.5L Tsi Mt*,,Sep 2021,51K km,Petrol (BSVI),Manual (Regular),2nd Owner,Apr 2027,10.45 Lakh,9.8,9.7,8.2,8.7,8.7,1619000
2018 Ford EcoSport Titanium + 1.5L Ti-VCT AT,Ford,Ecosport Titanium + 1.5L Ti-Vct,AT,Jan 2018,68K km,Petrol (BSIV),Automatic (Torque Convertor),1st Owner,Nov 2026,7.03 Lakh,9.8,9.6,9.0,8.5,8.2,1137000
2024 Nissan Magnite XV,Nissan,Magnite Xv,,Apr 2024,25K km,Petrol (BSVI),Manual (Regular),1st Owner,Sep 2026,6.73 Lakh,9.9,9.8,9.7,9.5,9.0,860000
2023 Renault Kiger RXT (O) MT Dual Tone,Renault,Kiger Dual Tone,RXT (O) MT,Mar 2023,25K km,Petrol (BSVI),Manual (Regular),1st Owner,Nov 2026,6.24 Lakh,9.9,9.8,9.3,9.5,9.2,817000
2023 Hyundai Venue SX 1.2 Petrol,Hyundai,Venue 1.2,SX PETROL,Jun 2023,36K km,Petrol,Manual (Regular),1st Owner,Apr 2027,8.92 Lakh,9.9,9.8,8.9,8.7,8.1,1089900
2022 Maruti Suzuki Brezza Zxi Plus Dual Tone,Maruti,Suzuki Brezza Dual Tone,ZXI PLUS,May 2022,123K km,Petrol (BSVI),Manual (Regular),1st Owner,Apr 2027,8.82 Lakh,9.6,9.2,8.0,8.2,8.1,1246000
2018 Honda BR-V S Diesel,Honda,Br-V S,DIESEL,Jan 2018,79K km,Diesel (BSIV),Manual (Regular),2nd Owner,Apr 2027,6.55 Lakh,9.6,9.2,8.3,6.3,8.2,1134000
2024 Tata Punch Creative Dual Tone AMT Sunroof,Tata,Punch Creative Dual Tone Sunroof,AMT,Apr 2024,19K km,Petrol,Automatic (AMT),1st Owner,Apr 2027,8.76 Lakh,9.9,9.8,9.2,9.2,8.8,989900
2023 Mahindra XUV700 AX 7 Diesel MT Luxury Pack 7 STR*,Mahindra,Xuv700 Ax 7 Luxury Pack 7 Str*,DIESEL MT,Nov 2022,54K km,Diesel (BSVI),Manual (Regular),1st Owner,Nov 2026,18.59 Lakh,9.8,9.6,9.0,9.0,8.4,2145000
2023 Maruti Suzuki Brezza Zxi Plus Dual Tone,Maruti,Suzuki Brezza Dual Tone,ZXI PLUS,Feb 2023,36K km,Petrol (BSVI),Manual (Regular),1st Owner,Apr 2027,10.14 Lakh,9.9,9.8,9.4,8.9,8.7,1248000
2020 Hyundai Creta SX (O) 1.4 Turbo 7 DCT,Hyundai,Creta 1.4 7,SX (O) TURBO DCT,Sep 2020,92K km,Petrol,Automatic (DCT),1st Owner,Apr 2027,10.86 Lakh,9.6,9.1,8.9,8.6,8.2,1616000
2015 Hyundai Creta 1.6 SX Plus Petrol,Hyundai,Creta 1.6,SX PLUS PETROL,Aug 2015,104K km,Petrol,Manual (Regular),1st Owner,Oct 2026,6.41 Lakh,9.6,9.2,7.4,8.2,8.8,1119000
2019 Ford EcoSport Titanium 1.5L Ti-VCT,Ford,Ecosport Titanium 1.5L Ti-Vct,,,,,,,,6.93 Lakh,,,,,,1099000
2023 Hyundai Venue SX (O) 1.0 Turbo DCT,Hyundai,Venue 1.0,SX (O) TURBO DCT,May 2023,55K km,Petrol (BSVI),Automatic (DCT),1st Owner,Apr 2027,10.32 Lakh,9.7,9.6,9.4,9.0,7.5,1272000
2016 Hyundai Creta 1.6 SX (O),Hyundai,Creta 1.6,SX (O),Jun 2016,107K km,Diesel (BSIV),Manual (Regular),2nd Owner,Aug 2026,7.55 Lakh,9.4,8.9,7.1,7.4,8.6,1376880
2023 Hyundai Alcazar Signature 6 STR 1.5 Diesel*,Hyundai,Alcazar Signature 6 Str 1.5 Diesel*,,May 2022,82K km,Diesel (BSVI),Manual (Regular),1st Owner,Apr 2027,14.42 Lakh,9.7,9.5,9.0,8.5,8.9,1999900
2023 Maruti Suzuki Brezza ZXi Plus,Maruti,Suzuki Brezza,ZXI PLUS,Jul 2023,36K km,Petrol (BSIV),Manual (Regular),1st Owner,Apr 2027,10.30 Lakh,9.9,9.8,9.5,9.4,8.8,1248000
2023 Mahindra XUV 300 W6 1.2 Petrol AMT,Mahindra,Xuv 300 1.2,W6 PETROL AMT,Jul 2023,14K km,Petrol (BSVI),Automatic (AMT),1st Owner,Apr 2027,9.04 Lakh,9.9,9.7,9.4,9.2,9.0,1145000
2025 Tata Punch Creative Plus AMT*,Tata,Punch Creative Amt*,PLUS,Dec 2024,10K km,Petrol,Automatic (AMT),1st Owner,Apr 2027,8.42 Lakh,9.9,9.9,8.1,9.8,9.3,989900
2019 Hyundai Creta SX 1.6 Petrol,Hyundai,Creta 1.6,SX PETROL,Mar 2019,76K km,Petrol (BSIV),Manual (Regular),1st Owner,Apr 2027,8.21 Lakh,9.7,9.5,8.7,8.4,8.4,1346000
2018 Tata Nexon XZA Plus AMT Petrol,Tata,Nexon,XZA PLUS AMT PETROL,Aug 2018,116K km,Petrol (BSIV),Automatic (AMT),1st Owner,Apr 2027,6 Lakh,9.4,9.1,8.6,8.2,7.2,1030000
2025 Tata Curvv Creative Plus S 1.5 Kryojet Diesel 6MT*,Tata,Curvv Creative S 1.5 Kryojet 6Mt*,PLUS DIESEL,Aug 2024,19K km,Diesel (BSVI),Manual (Regular),1st Owner,Apr 2027,14.54 Lakh,9.9,9.9,9.4,9.3,9.3,1399900
